user_id,full_name,age_group,gender,address_id
1,emily johnson,26-35,female,1
2,michael williams,36-45,male,2
3,sophia brown,36-45,female,3
4,james davis,46+,male,4
5,emma miller,26-35,female,5
6,olivia wilson,18-25,female,6
7,alexander jones,36-45,male,7
8,ava taylor,26-35,female,8
9,ethan martinez,26-35,male,9
10,isabella anderson,26-35,female,10
11,liam garcia,26-35,male,11
12,mia rodriguez,18-25,female,12
13,noah hernandez,36-45,male,13
14,charlotte lopez,36-45,female,14
15,william gonzalez,26-35,male,15
16,avery perez,26-35,female,16
17,evelyn sanchez,36-45,female,17
18,logan torres,26-35,male,18
19,abigail rivera,26-35,female,19
20,jackson evans,26-35,male,20
21,madison collins,26-35,female,21
22,elijah stewart,26-35,male,22
23,chloe morales,36-45,female,23
24,mateo nguyen,26-35,male,24
25,harper kelly,26-35,female,25
26,evelyn gonzalez,36-45,female,26
27,daniel cook,36-45,male,27
28,lily lee,26-35,female,28
29,henry hill,36-45,male,29
30,addison wright,26-35,female,30
